X,Y,id,numbers,icon_url
-117.948817928088,42.7627975035113,,"2",./0.png
